"species","mean_mass","mean_flipper","mean_body_condition"
"Adelie",3702.96052631579,190,19.4735773441086
"Chinstrap",3733.08823529412,195.823529411765,19.0437584079913
"Gentoo",5067.74193548387,217.024193548387,23.3217191993765
